Index,Date,Legacy Fixtures (V1 Archive),Competition,Home,Away,FT_Score,Signal,Bookmaker,Odds,Conviction,Allocation,Settlement,Net_PnL,Commit_Hash,赛后结算,Line Mvmt,Metrics,Turnover,Cum PnL,实时 Yield%,ROI%,按钮,Markdown 生成
1,2026年7月5日,# predict-ledger,,,,,,,,,,,,https://github.com/ethan-0625/MCO-Sports-Alpha-Research/commit/55502bd1883ae23ae33debe3ff7708de39d6d30d,,,,,,,-1,Yes,"2026-07-05,,,,Pending,,,,Pending,-,https://github.com/ethan-0625/MCO-Sports-Alpha-Research/commit/55502bd1883ae23ae33debe3ff7708de39d6d30d"
2,2026年7月5日,静态数据结构预测账本 - 时间戳防伪存证存根,,,,,,,,,,,,https://github.com/ethan-0625/MCO-Sports-Alpha-Research/commit/55502bd1883ae23ae33debe3ff7708de39d6d30d,,,,,,,-1,Yes,"2026-07-05,,,,Pending,,,,Pending,-,https://github.com/ethan-0625/MCO-Sports-Alpha-Research/commit/55502bd1883ae23ae33debe3ff7708de39d6d30d"
3,2026年7月5日,FC首尔vs仁川联队,KOR1 韩职联,SEO 首尔FC,INC 仁川联,,欧赔,,1.87,1% 稳健仓,1,Win,0.87,https://github.com/ethan-0625/MCO-Sports-Alpha-Research/commit/9740ce4638b4a2308616c147bb19441a9eed19eb,🟢 绿色 (W),市场强拉平衡,拉锯均势死锁,1,1.87,87%,0.87,No,"2026-07-05,KOR1,SEO,INC,Pending,欧赔,1.87,1,Win,0.87,https://github.com/ethan-0625/MCO-Sports-Alpha-Research/commit/9740ce4638b4a2308616c147bb19441a9eed19eb"
4,2026年7月5日,金泉尚武vs济州SK,KOR1 韩职联,GIM 金泉尚武,JEJ 济州联,,欧赔,,2.81,2% 核心仓,1,Loss,-1,https://github.com/ethan-0625/predict-ledger/commit/9740ce4638b4a2308616c147bb19441a9eed19eb,🔴 红色 (L),让步过浅,主场虫/客场龙,2,0.87,-6.5%,-0.13,No,"2026-07-05,KOR1,GIM,JEJ,Pending,欧赔,2.81,1,Loss,-1,https://github.com/ethan-0625/predict-ledger/commit/9740ce4638b4a2308616c147bb19441a9eed19eb"
5,2026年7月5日,光州FCvs蔚山HD,KOR1 韩职联,GWA 光州FC,ULS 蔚山HD,,亚盘,,0.88,1% 稳健仓,1,Loss,-1,https://github.com/ethan-0625/predict-ledger/commit/9740ce4638b4a2308616c147bb19441a9eed19eb,🔴 红色 (L),深盘阻大,拉锯均势死锁,3,-0.13,-37.67%,-1.13,No,"2026-07-05,KOR1,GWA,ULS,Pending,亚盘,0.88,1,Loss,-1,https://github.com/ethan-0625/predict-ledger/commit/9740ce4638b4a2308616c147bb19441a9eed19eb"
6,2026年7月5日,金海FCvs首尔衣恋,KOR2 韩K2联,GMH 金海市厅,SEL 首尔衣恋,,欧赔,,4.2,1% 稳健仓,1,Loss,-1,https://github.com/ethan-0625/predict-ledger/commit/9740ce4638b4a2308616c147bb19441a9eed19eb,🔴 红色 (L),阻下诱上,无,4,-1.13,53.25%,-2.13,No,"2026-07-05,KOR2,GMH,SEL,Pending,欧赔,4.2,1,Loss,-1,https://github.com/ethan-0625/predict-ledger/commit/9740ce4638b4a2308616c147bb19441a9eed19eb"
7,2026年7月5日,金浦FCvs忠南牙山FC,KOR2 韩K2联,GMP 金浦FC,ASA 忠南牙山,,欧赔,,1.81,2% 核心仓,1,Loss,-1,https://github.com/ethan-0625/predict-ledger/commit/9740ce4638b4a2308616c147bb19441a9eed19eb,🔴 红色 (L),市场强拉平衡,主场龙/客场虫,5,-2.13,-62.6%,-3.13,No,"2026-07-05,KOR2,GMP,ASA,Pending,欧赔,1.81,1,Loss,-1,https://github.com/ethan-0625/predict-ledger/commit/9740ce4638b4a2308616c147bb19441a9eed19eb"
8,2026年7月5日,庆南FCvs天安城,KOR1 韩职联,GYE 庆南FC,CNC 天安城,,欧赔,,2.67,2% 核心仓,1,Loss,-1,https://github.com/ethan-0625/predict-ledger/commit/9740ce4638b4a2308616c147bb19441a9eed19eb,🔴 红色 (L),让步过浅,主场龙/客场虫,6,-3.13,-68.83%,-4.13,No,"2026-07-05,KOR1,GYE,CHE,Pending,欧赔,2.67,1,Loss,-1,https://github.com/ethan-0625/predict-ledger/commit/9740ce4638b4a2308616c147bb19441a9eed19eb"
9,2026年7月5日,全南天龙vs釜山IPark,KOR2 韩K2联,JEO 全南天龙,BUS 釜山偶像,,欧赔,,2.76,2% 核心仓,1,Loss,-1,https://github.com/ethan-0625/MCO-Sports-Alpha-Research/commit/9740ce4638b4a2308616c147bb19441a9eed19eb,🔴 红色 (L),阻下诱上,主场虫/客场龙,7,-4.13,-73.29%,-5.13,No,"2026-07-05,KOR2,JEO,BUS,Pending,欧赔,2.76,1,Loss,-1,https://github.com/ethan-0625/MCO-Sports-Alpha-Research/commit/9740ce4638b4a2308616c147bb19441a9eed19eb"
10,2026年7月7日,赫根vs佐加顿斯,SWE1 瑞典超,BKH 赫根,DJU 尤尔加登,,欧赔,,2.36,1% 稳健仓,1,Loss,-1,https://github.com/ethan-0625/predict-ledger/commit/d07d82b15400228ff9919e1a295c07653787be48,🔴 红色 (L),阻上诱下,拉锯均势死锁,8,-5.13,-76.63%,-6.13,No,"2026-07-07,SWE1,HAC,DJU,Pending,欧赔,2.36,1,Loss,-1,https://github.com/ethan-0625/predict-ledger/commit/d07d82b15400228ff9919e1a295c07653787be48"
11,2026年7月7日,布洛马波卡纳vs哥德堡盖斯,SWE1 瑞典超,BPK 布鲁马波卡纳,GOT 哥德堡,,亚盘,,0.82,1% 稳健仓,1,Half Win,0.41,https://github.com/ethan-0625/predict-ledger/commit/d07d82b15400228ff9919e1a295c07653787be48,🔵 蓝色 (HW),阻下诱上,无,9,-4.72,-63.56%,-5.72,No,"2026-07-07,SWE1,BRO,GOT,Pending,亚盘,0.82,1,Half Win,0.41,https://github.com/ethan-0625/predict-ledger/commit/d07d82b15400228ff9919e1a295c07653787be48"
12,2026年7月7日,维拉诺瓦vs圣贝纳多,BRA2 巴西乙,VNO 维拉诺瓦,SBE 圣贝纳多,,欧赔,,1.94,1% 稳健仓,1,Win,0.94,https://github.com/ethan-0625/MCO-Sports-Alpha-Research/commit/d07d82b15400228ff9919e1a295c07653787be48,🟢 绿色 (W),阻下诱上,无,10,-3.78,-47.8%,-4.78,No,"2026-07-07,BRA2,VIL,SBE,Pending,欧赔,1.94,1,Win,0.94,https://github.com/ethan-0625/MCO-Sports-Alpha-Research/commit/d07d82b15400228ff9919e1a295c07653787be48"
13,2026年7月7日,保地花高SPvs奥瓦,BRA2 巴西乙,BSP 保地花高SP,AVA 奥瓦,,欧赔,,3.2,1% 稳健仓,1,Loss,-1,https://github.com/ethan-0625/predict-ledger/commit/d07d82b15400228ff9919e1a295c07653787be48,🔴 红色 (L),逆向撕裂,无,11,-4.78,-52.55%,-5.78,No,"2026-07-07,BRA2,BSP,AVA,Pending,欧赔,3.2,1,Loss,-1,https://github.com/ethan-0625/predict-ledger/commit/d07d82b15400228ff9919e1a295c07653787be48"
14,2026年7月7日,凯夫拉维克vs弗拉姆,ISL1 冰岛超,KEF 凯夫拉维克,FRA 弗拉姆,,欧赔,,1.82,1% 稳健仓,1,Loss,-1,https://github.com/ethan-0625/predict-ledger/commit/d07d82b15400228ff9919e1a295c07653787be48,🔴 红色 (L),大脑直觉模型,无,12,-5.78,-56.5%,-6.78,No,"2026-07-07,ISL1,KEF,FRA,Pending,欧赔,1.82,1,Loss,-1,https://github.com/ethan-0625/predict-ledger/commit/d07d82b15400228ff9919e1a295c07653787be48"
15,2026年7月7日,葡萄牙vs西班牙,WC 世界杯,POR 葡萄牙,ESP 西班牙,,欧赔,,1.97,1% 稳健仓,1,Win,0.97,https://github.com/ethan-0625/predict-ledger/commit/d07d82b15400228ff9919e1a295c07653787be48,🟢 绿色 (W),阻上诱下,拉锯均势死锁,13,-4.81,-44.69%,-5.81,No,"2026-07-07,WC,POR,ESP,Pending,欧赔,1.97,1,Win,0.97,https://github.com/ethan-0625/predict-ledger/commit/d07d82b15400228ff9919e1a295c07653787be48"
16,2026年7月7日,美国vs比利时,WC 世界杯,USA 美国,BEL 比利时,,欧赔,,2.44,1% 稳健仓,1,Loss,-1,https://github.com/ethan-0625/predict-ledger/commit/d07d82b15400228ff9919e1a295c07653787be48,🔴 红色 (L),逆向撕裂,无,14,-5.81,-48.64%,-6.81,No,"2026-07-07,WC,USA,BEL,Pending,欧赔,2.44,1,Loss,-1,https://github.com/ethan-0625/predict-ledger/commit/d07d82b15400228ff9919e1a295c07653787be48"
17,2026年7月8日,阿根廷vs埃及,WC 世界杯,ARG 阿根廷,EGY 埃及,,欧赔,,11.75,1% 稳健仓,1,Loss,-1,https://github.com/ethan-0625/MCO-Sports-Alpha-Research/commit/8f4d12d48dc6b61d2a6cbb9480dd671060de0e24,🔴 红色 (L),阻下诱上,无,15,-6.81,-52.07%,-7.81,No,"2026-07-08,WC,ARG,EGY,Pending,欧赔,11.75,1,Loss,-1,https://github.com/ethan-0625/MCO-Sports-Alpha-Research/commit/8f4d12d48dc6b61d2a6cbb9480dd671060de0e24"
18,2026年7月8日,弗洛里亚纳vs沙姆洛克流浪,UCLQ 欧冠预选,FLO 弗洛里亚纳,SHM 沙姆洛克流浪,,欧赔,,1.86,1% 稳健仓,1,Loss,-1,https://github.com/ethan-0625/MCO-Sports-Alpha-Research/commit/8f4d12d48dc6b61d2a6cbb9480dd671060de0e24,🔴 红色 (L),大脑直觉模型,无,16,-7.81,-55.06%,-8.81,No,"2026-07-08,UCLQ,FLO,SHA,Pending,欧赔,1.86,1,Loss,-1,https://github.com/ethan-0625/MCO-Sports-Alpha-Research/commit/8f4d12d48dc6b61d2a6cbb9480dd671060de0e24"
19,2026年7月8日,瑞士vs哥伦比亚,WC 世界杯,SUI 瑞士,COL 哥伦比亚,,欧赔,,3.11,1% 稳健仓,1,Win,3.11,https://github.com/ethan-0625/MCO-Sports-Alpha-Research/commit/8f4d12d48dc6b61d2a6cbb9480dd671060de0e24,🟢 绿色 (W),直觉-市场诱盘,无,17,-4.7,-33.53%,-5.7,No,"2026-07-08,WC,SUI,COL,Pending,欧赔,3.11,1,Win,3.11,https://github.com/ethan-0625/MCO-Sports-Alpha-Research/commit/8f4d12d48dc6b61d2a6cbb9480dd671060de0e24"
20,2026年7月8日,巴西竞技vs欧帕尔利奥,BRA2 巴西乙,ATC 巴西竞技,OPE 欧帕尔利奥,,欧赔,,2.93,1% 稳健仓,1,Loss,-1,https://github.com/ethan-0625/MCO-Sports-Alpha-Research/commit/8f4d12d48dc6b61d2a6cbb9480dd671060de0e24,🔴 红色 (L),阻下诱上,无,18,-5.7,-37.22%,-6.7,No,"2026-07-08,BRA2,ATC,OPE,Pending,欧赔,2.93,1,Loss,-1,https://github.com/ethan-0625/MCO-Sports-Alpha-Research/commit/8f4d12d48dc6b61d2a6cbb9480dd671060de0e24"
21,2026年7月11日,尤文图德vs维拉诺瓦,BRA2 巴西乙,JUV 尤文图德,VNO 维拉诺瓦,,亚盘,,0.85,1% 稳健仓,1,Win,0.85,https://github.com/ethan-0625/MCO-Sports-Alpha-Research/commit/566e75293814da64fea8c9f02a268ebfdf6140be,🟢 绿色 (W),阻上诱下,拉锯均势死锁,19,-4.85,-30.79%,-5.85,No,"2026-07-11,BRA2,JUV,VIL,Pending,亚盘,0.85,1,Win,0.85,https://github.com/ethan-0625/MCO-Sports-Alpha-Research/commit/566e75293814da64fea8c9f02a268ebfdf6140be"
22,2026年7月11日,累西腓体育vs保地花高SP,BRA2 巴西乙,SPR 累西腓体育,BSP 保地花高SP,,欧赔,,4.35,1% 稳健仓,1,Loss,-1,https://github.com/ethan-0625/MCO-Sports-Alpha-Research/commit/566e75293814da64fea8c9f02a268ebfdf6140be,🔴 红色 (L),阻下诱上,主场龙/客场虫,20,-5.85,-34.25%,-6.85,No,"2026-07-11,BRA2,SPO,BSP,Pending,欧赔,4.35,1,Loss,-1,https://github.com/ethan-0625/MCO-Sports-Alpha-Research/commit/566e75293814da64fea8c9f02a268ebfdf6140be"
23,2026年7月12日,哈马比vs卡尔马,SWE1 瑞典超,HAM 哈马比,KAL 卡尔马,,亚盘,Pinnacle,0.97,1% 稳健仓,1,Win,0.97,https://github.com/ethan-0625/MCO-Sports-Alpha-Research/commit/68f43ed91ce47dfac6ec6c6edc41e2f51b9b1ae3,🟢 绿色 (W),阻上诱下,无,21,-4.88,-28%,-5.88,No,"2026-07-12,SWE1,HAM,KAL,Pending,亚盘,0.97,1,Win,0.97,https://github.com/ethan-0625/MCO-Sports-Alpha-Research/commit/68f43ed91ce47dfac6ec6c6edc41e2f51b9b1ae3"
24,2026年7月12日,瓦斯特拉斯vs代格福什,SWE1 瑞典超,GAI 盖斯,DEG 代格福什,,欧赔,Pinnacle,2.13,1% 稳健仓,1,Win,2.13,https://github.com/ethan-0625/MCO-Sports-Alpha-Research/commit/68f43ed91ce47dfac6ec6c6edc41e2f51b9b1ae3,🟢 绿色 (W),直觉-超跌反弹,无,22,-2.75,-17.05%,-3.75,No,"2026-07-12,SWE1,GAI,DEG,Pending,欧赔,2.13,1,Win,2.13,https://github.com/ethan-0625/MCO-Sports-Alpha-Research/commit/68f43ed91ce47dfac6ec6c6edc41e2f51b9b1ae3"
25,2026年7月14日,佐加顿斯vs哈尔姆斯,SWE1 瑞典超,DJU 尤尔加登,HAL 哈尔姆斯塔德,,亚盘,Pinnacle,1.07,1% 稳健仓,1,Win,1.07,https://github.com/ethan-0625/MCO-Sports-Alpha-Research/commit/fab6eb026968a07a914346e37859b2a10d1dfd26,🟢 绿色 (W),深盘阻大,无,23,-1.68,-11.65%,-2.68,No,"2026-07-14,SWE1,DJU,HAL,Pending,亚盘,1.07,1,Win,1.07,https://github.com/ethan-0625/MCO-Sports-Alpha-Research/commit/fab6eb026968a07a914346e37859b2a10d1dfd26"
26,2026年7月14日,贝雷达比历克vs凯夫拉维克,ISL1 冰岛超,BDK 贝雷达比历克,KEF 凯夫拉维克,,欧赔,Pinnacle,3.76,2% 核心仓,1,Loss,-1,https://github.com/ethan-0625/MCO-Sports-Alpha-Research/commit/5035dc1ec0c7133203a9622a47b5ab1303bd5c6e,🔴 红色 (L),让步过浅,主场龙/客场虫,24,-2.68,-15.33%,-3.68,No,"2026-07-14,ISL1,BRE,KEF,Pending,欧赔,3.76,1,Loss,-1,https://github.com/ethan-0625/MCO-Sports-Alpha-Research/commit/5035dc1ec0c7133203a9622a47b5ab1303bd5c6e"
27,2026年7月14日,米内罗美洲vs隆迪那,BRA2 巴西乙,AMM 米内罗美洲,LDR 隆迪那,欧赔,Pinnacle,3.85,2% 核心仓,1,Loss,-1,https://github.com/ethan-0625/MCO-Sports-Alpha-Research/commit/5035dc1ec0c7133203a9622a47b5ab1303bd5c6e,🔴 红色 (L),让步过浅,主场龙/客场虫,25,-3.68,-18.72%,-4.68,No,"2026-07-14,BRA2,AME,LON,Pending,欧赔,3.85,1,Loss,-1,https://github.com/ethan-0625/MCO-Sports-Alpha-Research/commit/5035dc1ec0c7133203a9622a47b5ab1303bd5c6e"
28,2026年7月14日,塞阿拉vs巴西竞技,BRA2 巴西乙,CEA 塞阿拉,ATC 巴西竞技,,亚盘,Pinnacle,0.93,2% 核心仓,1,Loss,-1,https://github.com/ethan-0625/MCO-Sports-Alpha-Research/commit/5035dc1ec0c7133203a9622a47b5ab1303bd5c6e,🔴 红色 (L),机构强势深盘,无,26,-4.68,-21.85%,-5.68,No,"2026-07-14,BRA2,CEA,ATC,Pending,亚盘,0.93,1,Loss,-1,https://github.com/ethan-0625/MCO-Sports-Alpha-Research/commit/5035dc1ec0c7133203a9622a47b5ab1303bd5c6e"
29,2026年7月15日,法国vs西班牙,WC 世界杯,FRA 法国,ESP 西班牙,欧赔,Pinnacle,3.01,1% 稳健仓,1,Loss,-1,https://github.com/ethan-0625/MCO-Sports-Alpha-Research/commit/5e9995b40a93372cfbe028bb3b1e9031f20265d4,🔴 红色 (L),无,无,27,-5.68,-24.74%,-6.68,No,"2026-07-15,WC,FRA,西班牙,Pending,欧赔,3.01,1,Loss,-1,https://github.com/ethan-0625/MCO-Sports-Alpha-Research/commit/5e9995b40a93372cfbe028bb3b1e9031f20265d4"
30,2026年7月15日,福尔柯克vs艾尔联,SLC 苏联杯,FAL 福尔柯克,AYR 艾尔联,,亚盘,Pinnacle,0.9,1% 稳健仓,1,Loss,-1,https://github.com/ethan-0625/MCO-Sports-Alpha-Research/commit/5e9995b40a93372cfbe028bb3b1e9031f20265d4,🔴 红色 (L),机构强势深盘,无,28,-6.68,-27.43%,-7.68,No,"2026-07-15,SCO_LC,FAL,AYR,Pending,亚盘,0.9,1,Loss,-1,https://github.com/ethan-0625/MCO-Sports-Alpha-Research/commit/5e9995b40a93372cfbe028bb3b1e9031f20265d4"
31,2026年7月15日,基马诺克vs拉茨流浪者,SLC 苏联杯,KIL 基马诺克,RAI 拉茨流浪者,,欧赔,Pinnacle,1.55,1% 稳健仓,1,Loss,-1,https://github.com/ethan-0625/MCO-Sports-Alpha-Research/commit/5e9995b40a93372cfbe028bb3b1e9031f20265d4,🔴 红色 (L),无,无,29,-7.68,-29.93%,-8.68,No,"2026-07-15,SCO_LC,KIL,RAI,Pending,欧赔,1.55,1,Loss,-1,https://github.com/ethan-0625/MCO-Sports-Alpha-Research/commit/5e9995b40a93372cfbe028bb3b1e9031f20265d4"
32,2026年7月15日,沙姆洛克流浪vs弗洛里亚纳,UCLQ 欧冠预选,SHA 沙姆洛克流浪,FLO 弗洛里亚纳,,亚盘,Pinnacle,0.88,1% 稳健仓,1,Win,0.88,https://github.com/ethan-0625/MCO-Sports-Alpha-Research/commit/5e9995b40a93372cfbe028bb3b1e9031f20265d4,🟢 绿色 (W),机构强势深盘,无,30,-6.8,-26%,-7.8,No,"2026-07-15,UCLQ,SHA,FLO,Pending,亚盘,0.88,1,Win,0.88,https://github.com/ethan-0625/MCO-Sports-Alpha-Research/commit/5e9995b40a93372cfbe028bb3b1e9031f20265d4"
33,2026年7月16日,国际图尔库vs萨拉热窝,UECL 欧协联,ITK 国际图尔库,FCS 萨拉热窝,,大小球,Pinnacle,0.8,1% 稳健仓,1,Win,0.8,https://github.com/ethan-0625/MCO-Sports-Alpha-Research/commit/82665482219067a15e16d35ecf771da3095ae418,🟢 绿色 (W),无,无,31,-6,-22.58%,-7,No,"2026-07-16,UECL,INT,,Pending,大小球,0.8,1,Win,0.8,https://github.com/ethan-0625/MCO-Sports-Alpha-Research/commit/82665482219067a15e16d35ecf771da3095ae418"
34,2026年7月17日,德里城vs索非亚中央陆军,UELQ 欧联预选,DER 德里城,CSS 索菲亚中央陆军,,欧赔,Pinnacle,3.65,1% 稳健仓,1,Loss,-1,https://github.com/ethan-0625/MCO-Sports-Alpha-Research/commit/5ecc590426dc8b47ee7e22b122cb8a6d3e3ad555,🔴 红色 (L),无,无,32,-7,-25%,-8,No,"2026-07-17,UELQ,DER,CSS,Pending,欧赔,3.65,1,Loss,-1,https://github.com/ethan-0625/MCO-Sports-Alpha-Research/commit/5ecc590426dc8b47ee7e22b122cb8a6d3e3ad555"
35,2026年7月17日,维斯特里vs卡拉巴赫,UELQ 欧联预选,VES 韦斯特里,QAR 卡拉巴赫,,亚盘,Pinnacle,0.79,1% 稳健仓,1,Loss,-1,https://github.com/ethan-0625/MCO-Sports-Alpha-Research/commit/5ecc590426dc8b47ee7e22b122cb8a6d3e3ad555,🔴 红色 (L),无,主场龙/客场虫,33,-8,-27.27%,-9,No,"2026-07-17,UELQ,VES,QAR,Pending,亚盘,0.79,1,Loss,-1,https://github.com/ethan-0625/MCO-Sports-Alpha-Research/commit/5ecc590426dc8b47ee7e22b122cb8a6d3e3ad555"
36,2026年7月17日,竞技俱乐部vs防卫者,COA 阿根廷杯,RAC 竞技俱乐部,DYJ 防卫者,,欧赔,Pinnacle,4.34,1% 稳健仓,1,Loss,-1,https://github.com/ethan-0625/MCO-Sports-Alpha-Research/commit/6327290aaea4ca71e9e63f197886ebf888beca29,🔴 红色 (L),直觉-纯粹高赔博弈,球风绝对压制,34,-9,-29.41%,-10,No,"2026-07-17,ARG_CUP,RAC,DYJ,Pending,欧赔,4.34,1,Loss,-1,https://github.com/ethan-0625/MCO-Sports-Alpha-Research/commit/6327290aaea4ca71e9e63f197886ebf888beca29"
37,2026年7月17日,博塔弗戈vs桑托斯,BRA1 巴西甲,BOT 博塔弗戈,SAN 桑托斯,,欧赔,Pinnacle,3.38,1% 稳健仓,1,Loss,-1,https://github.com/ethan-0625/MCO-Sports-Alpha-Research/commit/6327290aaea4ca71e9e63f197886ebf888beca29,🔴 红色 (L),让步过浅,主场龙/客场虫,35,-10,-31.43%,-11,No,"2026-07-17,BRA1,BOT,SAN,Pending,欧赔,3.38,1,Loss,-1,https://github.com/ethan-0625/MCO-Sports-Alpha-Research/commit/6327290aaea4ca71e9e63f197886ebf888beca29"
38,2026年7月17日,CF蒙特利尔vs多伦多FC,USA1 美职联,MTR CF蒙特利尔,TRT 多伦多FC,,欧赔,Pinnacle,2.42,1% 稳健仓,1,Loss,-1,https://github.com/ethan-0625/MCO-Sports-Alpha-Research/commit/6327290aaea4ca71e9e63f197886ebf888beca29,🔴 红色 (L),直觉-超跌反弹,拉锯均势死锁,36,-11,-33.33%,-12,No,"2026-07-17,MLS,MTL,TOR,Pending,欧赔,2.42,1,Loss,-1,https://github.com/ethan-0625/MCO-Sports-Alpha-Research/commit/6327290aaea4ca71e9e63f197886ebf888beca29"
39,2026年7月17日,雷加塔斯巴西vs累西腓航海,BRA2 巴西乙,CRB 雷加塔斯巴西,NAU 累西腓航海,,欧赔,Pinnacle,2.01,1% 稳健仓,1,Loss,2.01,https://github.com/ethan-0625/MCO-Sports-Alpha-Research/commit/6327290aaea4ca71e9e63f197886ebf888beca29,🟢 绿色 (W),阻上诱下,无,37,-9.01,-27.05%,-10.01,No,"2026-07-17,BRA2,CRB,NAU,Pending,欧赔,2.01,1,Loss,2.01,https://github.com/ethan-0625/MCO-Sports-Alpha-Research/commit/6327290aaea4ca71e9e63f197886ebf888beca29"
40,2026年7月17日,圣路易斯城vs堪萨斯城竞,USA1 美职联,STL 圣路易斯城,SKC 堪萨斯城竞技,,大小球,Pinnacle,0.82,1% 稳健仓,1,Loss,-1,https://github.com/ethan-0625/MCO-Sports-Alpha-Research/commit/6327290aaea4ca71e9e63f197886ebf888beca29,🔴 红色 (L),无,无,38,-10.01,-28.97%,-11.01,No,"2026-07-17,MLS,STL,SKC,Pending,大小球,0.82,1,Loss,-1,https://github.com/ethan-0625/MCO-Sports-Alpha-Research/commit/6327290aaea4ca71e9e63f197886ebf888beca29"
41,2026年7月17日,芝加哥火焰vs温哥华白浪,USA1 美职联,CHI 芝加哥火焰,VAN 温哥华白浪,,大小球,Pinnacle,0.9,1% 稳健仓,1,Push,0,https://github.com/ethan-0625/MCO-Sports-Alpha-Research/commit/6327290aaea4ca71e9e63f197886ebf888beca29,⚪灰色 (P),市场强拉平衡,拉锯均势死锁,39,-10.01,-28.23%,-11.01,No,"2026-07-17,MLS,CHI,VAN,Pending,大小球,0.9,1,Push,-,https://github.com/ethan-0625/MCO-Sports-Alpha-Research/commit/6327290aaea4ca71e9e63f197886ebf888beca29"
42,2026年7月17日,萨尔米安杜vs博卡青年,COA 阿根廷杯,SAR 萨尔米安杜,BOC 博卡青年,,大小球,Pinnacle,1.02,1% 稳健仓,1,Push,0,https://github.com/ethan-0625/MCO-Sports-Alpha-Research/commit/6327290aaea4ca71e9e63f197886ebf888beca29,⚪灰色 (P),无,无,40,-10.01,-27.53%,-11.01,No,"2026-07-17,ARG_CUP,SRM,BOC,Pending,大小球,1.02,1,Push,-,https://github.com/ethan-0625/MCO-Sports-Alpha-Research/commit/6327290aaea4ca71e9e63f197886ebf888beca29"
43,2026年7月17日,西雅图海湾人vs波特兰伐木者,USA1 美职联,SEA 西雅图海湾人,PTL 波特兰伐木者,,亚盘,Pinnacle,1,1% 稳健仓,1,Loss,-1,https://github.com/ethan-0625/MCO-Sports-Alpha-Research/commit/6327290aaea4ca71e9e63f197886ebf888beca29,🔴 红色 (L),机构强势深盘,无,41,-11.01,-29.29%,-12.01,No,"2026-07-17,MLS,SEA,POR,Pending,亚盘,1,1,Loss,-1,https://github.com/ethan-0625/MCO-Sports-Alpha-Research/commit/6327290aaea4ca71e9e63f197886ebf888beca29"
44,2026年7月17日,蒂华纳vs老虎大学,MEX1 墨西联,TIJ 蒂华纳,TIG 老虎大学,,欧赔,Pinnacle,2.07,1% 稳健仓,1,Loss,-1,https://github.com/ethan-0625/MCO-Sports-Alpha-Research/commit/6327290aaea4ca71e9e63f197886ebf888beca29,🔴 红色 (L),阻上诱下,无,42,-12.01,-30.98%,-13.01,No,"2026-07-17,MEX1,TIJ,TIG,Pending,欧赔,2.07,1,Loss,-1,https://github.com/ethan-0625/MCO-Sports-Alpha-Research/commit/6327290aaea4ca71e9e63f197886ebf888beca29"
45,2026年7月17日,维多利亚vs瓦斯科达伽马,BRA1 巴西甲,VTA 维多利亚,VAS 瓦斯科达伽马,,大小球,Pinnacle,1.02,1% 稳健仓,1,Win,1.02,https://github.com/ethan-0625/MCO-Sports-Alpha-Research/commit/6327290aaea4ca71e9e63f197886ebf888beca29,🟢 绿色 (W),浅盘诱大,拉锯均势死锁,43,-11.01,-27.93%,-12.01,No,"2026-07-17,BRA1,VIT,VAS,Pending,大小球,1.02,1,Win,1.02,https://github.com/ethan-0625/MCO-Sports-Alpha-Research/commit/6327290aaea4ca71e9e63f197886ebf888beca29"
46,2026年7月17日,沃伦塔利vs博托沙尼,ROM1 罗甲,VLT 沃伦塔利,BTO 博托沙尼,,欧赔,Pinnacle,3.18,1% 稳健仓,1,Loss,-1,https://github.com/ethan-0625/MCO-Sports-Alpha-Research/commit/dc77788fb2c9409cea7b197551dfa43512bc0c80,🔴 红色 (L),直觉-市场诱盘,无,44,-12.01,-29.57%,-13.01,No,"2026-07-17,ROM1,VOL,BTO,Pending,欧赔,3.18,1,Loss,-1,https://github.com/ethan-0625/MCO-Sports-Alpha-Research/commit/dc77788fb2c9409cea7b197551dfa43512bc0c80"
47,2026年7月18日,克鲁比04vs哈卡,FIN2 芬甲,KLU 克鲁比04,HAK 哈卡,,大小球,Pinnacle,0.97,1% 稳健仓,1,Win,0.97,https://github.com/ethan-0625/MCO-Sports-Alpha-Research/commit/b1ceed86b31572522b89bd324831704a41ded4a2,🟢 绿色 (W),无,主场虫/客场龙,45,-11.04,-26.76%,-12.04,No,"2026-07-18,FIN2,KLU,HAK,Pending,大小球,0.97,1,Win,0.97,https://github.com/ethan-0625/MCO-Sports-Alpha-Research/commit/b1ceed86b31572522b89bd324831704a41ded4a2"
48,2026年7月18日,卡亚尼卡帕vsSJK学院,FIN2 芬甲,KPA 卡帕,SJA SJK学院,,欧赔,Pinnacle,2.43,1% 稳健仓,1,Loss,-1,https://github.com/ethan-0625/MCO-Sports-Alpha-Research/commit/b1ceed86b31572522b89bd324831704a41ded4a2,🔴 红色 (L),浅盘诱大,主场虫/客场龙,46,-12.04,-28.35%,-13.04,No,"2026-07-18,FIN2,KAP,SJA,Pending,欧赔,2.43,1,Loss,-1,https://github.com/ethan-0625/MCO-Sports-Alpha-Research/commit/b1ceed86b31572522b89bd324831704a41ded4a2"
49,2026年7月18日,哥德堡vs布鲁马波卡纳,SWE1 瑞典超,GOT 哥德堡,BPK 布洛马波卡纳,,欧赔,Pinnacle,1.93,1% 稳健仓,1,Win,0.93,https://github.com/ethan-0625/MCO-Sports-Alpha-Research/commit/0a1e1413beaba3a067839ef440cf4094bfb7660e,🟢 绿色 (W),机构强势深盘,主场虫/客场龙,47,-11.11,-25.77%,-12.11,No,"2026-07-18,SWE1,GOT,BRO,Pending,欧赔,1.93,1,Win,0.93,https://github.com/ethan-0625/MCO-Sports-Alpha-Research/commit/0a1e1413beaba3a067839ef440cf4094bfb7660e"
50,2026年7月18日,米亚尔比vs瓦斯特拉斯,SWE1 瑞典超,MJA 米亚尔比,GAI 盖斯,,欧赔,Pinnacle,3.99,1% 稳健仓,1,Win,3.99,https://github.com/ethan-0625/MCO-Sports-Alpha-Research/commit/0a1e1413beaba3a067839ef440cf4094bfb7660e,🟢 绿色 (W),阻下诱上,主场龙/客场虫,48,-7.12,-16.92%,-8.12,No,"2026-07-18,SWE1,MJA,GAI,Pending,欧赔,3.99,1,Win,3.99,https://github.com/ethan-0625/MCO-Sports-Alpha-Research/commit/0a1e1413beaba3a067839ef440cf4094bfb7660e"
51,2026年7月18日,博德闪耀vs腓特烈斯塔,NOR1 挪超,BOD 博德闪耀,FFK 腓特烈斯塔,,亚盘,Pinnacle,0.85,2% 核心仓,1,Win,0.85,https://github.com/ethan-0625/MCO-Sports-Alpha-Research/commit/0a1e1413beaba3a067839ef440cf4094bfb7660e,🟢 绿色 (W),阻下诱上,主场龙/客场虫,49,-6.27,-14.84%,-7.27,No,"2026-07-18,NOR1,BOD,FRE,Pending,亚盘,0.85,1,Win,0.85,https://github.com/ethan-0625/MCO-Sports-Alpha-Research/commit/0a1e1413beaba3a067839ef440cf4094bfb7660e"
52,2026年7月18日,布加勒斯特星队vs阿格斯,ROM1 罗甲,FSB 布加勒斯特星,AGS 阿格斯,,大小球,Pinnacle,0.88,1% 稳健仓,1,Loss,-1,https://github.com/ethan-0625/MCO-Sports-Alpha-Research/commit/0a1e1413beaba3a067839ef440cf4094bfb7660e,🔴 红色 (L),阻上诱下,主场龙/客场虫,50,-7.27,-16.54%,-8.27,No,"2026-07-18,ROM1,FCS,ARG,Pending,大小球,0.88,1,Loss,-1,https://github.com/ethan-0625/MCO-Sports-Alpha-Research/commit/0a1e1413beaba3a067839ef440cf4094bfb7660e"
53,2026年7月18日,费恩哈普vs布雷流浪者,FAI 爱足杯,FHA 费恩哈普,BRW 布雷,,亚盘,Pinnacle,0.91,2% 核心仓,1,Win,0.91,https://github.com/ethan-0625/MCO-Sports-Alpha-Research/commit/0a1e1413beaba3a067839ef440cf4094bfb7660e,🟢 绿色 (W),直觉-超跌反弹,无,51,-6.36,-14.43%,-7.36,No,"2026-07-18,IRL_CUP,FHA,BWA,Pending,亚盘,0.91,1,Win,0.91,https://github.com/ethan-0625/MCO-Sports-Alpha-Research/commit/0a1e1413beaba3a067839ef440cf4094bfb7660e"
54,2026年7月18日,沃特福德联队vs科布漫步者,FAI 爱足杯,WFC 沃特福德联队,COB 科布漫步者,,亚盘,Pinnacle,0.94,1% 稳健仓,1,Win,0.94,https://github.com/ethan-0625/MCO-Sports-Alpha-Research/commit/0a1e1413beaba3a067839ef440cf4094bfb7660e,🟢 绿色 (W),无,无,52,-5.42,-12.35%,-6.42,No,"2026-07-18,IRL_CUP,WFD,COB,Pending,亚盘,0.94,1,Win,0.94,https://github.com/ethan-0625/MCO-Sports-Alpha-Research/commit/0a1e1413beaba3a067839ef440cf4094bfb7660e"
55,2026年7月18日,沙姆洛克流浪vs科克城,FAI 爱足杯,SHA 沙姆洛克流浪,CCF 科克城,,欧赔,Pinnacle,5.92,1% 稳健仓,1,Loss,-1,https://github.com/ethan-0625/MCO-Sports-Alpha-Research/commit/0a1e1413beaba3a067839ef440cf4094bfb7660e,🔴 红色 (L),让步过浅,双线体能周期失衡,53,-6.42,-14%,-7.42,No,"2026-07-18,IRL_CUP,SHA,CRK,Pending,欧赔,5.92,1,Loss,-1,https://github.com/ethan-0625/MCO-Sports-Alpha-Research/commit/0a1e1413beaba3a067839ef440cf4094bfb7660e"
56,2026年7月18日,弗鲁米嫩塞vs布拉干蒂诺RB,BRA1 巴西甲,FLU 弗鲁米嫩塞,BGT 布拉甘蒂诺RB,,亚盘,Pinnacle,0.86,2% 核心仓,1,Loss,-1,https://github.com/ethan-0625/MCO-Sports-Alpha-Research/commit/0a1e1413beaba3a067839ef440cf4094bfb7660e,🔴 红色 (L),无,无,54,-7.42,-15.59%,-8.42,No,"2026-07-18,BRA1,FLU,BRG,Pending,亚盘,0.86,1,Loss,-1,https://github.com/ethan-0625/MCO-Sports-Alpha-Research/commit/0a1e1413beaba3a067839ef440cf4094bfb7660e"
57,2026年7月18日,米拉索vs格雷米奥,BRA1 巴西甲,MIR 米拉索尔,GRM 格雷米奥,,亚盘,Pinnacle,0.95,2% 核心仓,1,Loss,-1,https://github.com/ethan-0625/MCO-Sports-Alpha-Research/commit/0a1e1413beaba3a067839ef440cf4094bfb7660e,🔴 红色 (L),无,主场龙/客场虫,55,-8.42,-17.13%,-9.42,No,"2026-07-18,BRA1,MIR,GRE,Pending,亚盘,0.95,1,Loss,-1,https://github.com/ethan-0625/MCO-Sports-Alpha-Research/commit/0a1e1413beaba3a067839ef440cf4094bfb7660e"
58,2026年7月18日,河床vs阿尔多斯维,COA 阿根廷杯,RIV 河床,ALD 阿尔多斯维,,欧赔,Pinnacle,7.69,1% 稳健仓,1,Win,7.69,https://github.com/ethan-0625/MCO-Sports-Alpha-Research/commit/0a1e1413beaba3a067839ef440cf4094bfb7660e,🟢 绿色 (W),让步过浅,主场龙/客场虫,56,-0.73,-3.09%,-1.73,No,"2026-07-18,ARG_CUP,RIV,ALD,Pending,欧赔,7.69,1,Win,7.69,https://github.com/ethan-0625/MCO-Sports-Alpha-Research/commit/0a1e1413beaba3a067839ef440cf4094bfb7660e"
59,2026年7月18日,圣路易斯竞技vs蓝十字,MEX1 墨西联,ASL 圣路易斯竞技,CAZ 蓝十字,,欧赔,Pinnacle,3.8,1% 稳健仓,1,Loss,-1,https://github.com/ethan-0625/MCO-Sports-Alpha-Research/commit/0a1e1413beaba3a067839ef440cf4094bfb7660e,🔴 红色 (L),大脑直觉模型,无,57,-1.73,-4.79%,-2.73,No,"2026-07-18,MEX1,ASL,CAZ,Pending,欧赔,3.8,1,Loss,-1,https://github.com/ethan-0625/MCO-Sports-Alpha-Research/commit/0a1e1413beaba3a067839ef440cf4094bfb7660e"
60,2026年7月19日,戈亚尼亚竞技vs巴西竞技,BRA2 巴西乙,AGO 戈亚尼亚竞技,ATC 巴西竞技,,欧赔,Pinnacle,3.39,2% 核心仓,1,Loss,-1,https://github.com/ethan-0625/MCO-Sports-Alpha-Research/commit/dca29bf6029b8aa1f4b9be486c732ab69de748aa,🔴 红色 (L),无,无,58,-2.73,-6.43%,-3.73,No,"2026-07-19,BRA2,AGO,ATC,Pending,欧赔,3.39,1,Loss,-1,https://github.com/ethan-0625/MCO-Sports-Alpha-Research/commit/dca29bf6029b8aa1f4b9be486c732ab69de748aa"
61,2026年7月19日,法国vs英格兰,WC 世界杯,FRA 法国,ENG 英格兰,,欧赔,Pinnacle,4.59,1% 稳健仓,1,Win,4.59,https://github.com/ethan-0625/MCO-Sports-Alpha-Research/commit/bba3f4696c126b361fd5420a9210288219ab8539,🟢 绿色 (W),阻下诱上,主场龙/客场虫,59,1.86,1.46%,0.86,No,"2026-07-19,WC,FRA,ENG,Pending,欧赔,4.59,1,Win,4.59,https://github.com/ethan-0625/MCO-Sports-Alpha-Research/commit/bba3f4696c126b361fd5420a9210288219ab8539"
62,2026年7月19日,蒙特雷vs桑托斯拉古纳,MEX1 墨西联,MON 蒙特雷,SAN 桑托斯拉古纳,,大小球,Pinnacle,1,1% 稳健仓,1,Win,1,https://github.com/ethan-0625/MCO-Sports-Alpha-Research/commit/5819d859ce8ba3f3f82ef3d6cd97db43cb0bf695,🟢 绿色 (W),直觉-超跌反弹,主场龙/客场虫,60,2.86,3.1%,1.86,No,"2026-07-19,MEX1,MON,SAN,Pending,大小球,1,1,Win,1,https://github.com/ethan-0625/MCO-Sports-Alpha-Research/commit/5819d859ce8ba3f3f82ef3d6cd97db43cb0bf695"
63,2026年7月19日,瓜达拉哈拉vs托卢卡,MEX1 墨西联,GUA 瓜达拉哈拉,TOL 托卢卡,,亚盘,Pinnacle,1.05,1% 稳健仓,1,Loss,-1.05,https://github.com/ethan-0625/MCO-Sports-Alpha-Research/commit/5819d859ce8ba3f3f82ef3d6cd97db43cb0bf695,🔴 红色 (L),大脑直觉模型,无,61,1.85,1.39%,0.85,No,"2026-07-19,MEX1,GUA,TOL,Pending,亚盘,1.05,1,Loss,-1.05,https://github.com/ethan-0625/MCO-Sports-Alpha-Research/commit/5819d859ce8ba3f3f82ef3d6cd97db43cb0bf695"
64,2026年7月19日,FC安养vs光州FC,KOR1 韩职联,ANY 安养FC,GWA 光州FC,,欧赔,Pinnacle,1.71,1% 稳健仓,1,Loss,-1,https://github.com/ethan-0625/MCO-Sports-Alpha-Research/commit/5474da601516489814c4c1146f05dbe8870c4878,🔴 红色 (L),大脑直觉模型,拉锯均势死锁,62,0.85,-0.24%,-0.15,No,"2026-07-19,KOR1,ANY,GWA,Pending,欧赔,1.71,1,Loss,-1,https://github.com/ethan-0625/MCO-Sports-Alpha-Research/commit/5474da601516489814c4c1146f05dbe8870c4878"
65,2026年7月19日,富川FCvsFC首尔,KOR1 韩职联,BUC 富川FC,SEO 首尔FC,,欧赔,Pinnacle,3.85,1% 稳健仓,1,Loss,-1,https://github.com/ethan-0625/MCO-Sports-Alpha-Research/commit/5474da601516489814c4c1146f05dbe8870c4878,🔴 红色 (L),阻下诱上,无,63,-0.15,-1.83%,-1.15,No,"2026-07-19,KOR1,BUC,SEO,Pending,欧赔,3.85,1,Loss,-1,https://github.com/ethan-0625/MCO-Sports-Alpha-Research/commit/5474da601516489814c4c1146f05dbe8870c4878"
66,2026年7月19日,水原三星vs坡州市民,KOR2 韩K2联,SSB 水原三星,PAJ 坡州市民,,欧赔,Pinnacle,4.99,1% 稳健仓,1,Win,4.99,https://github.com/ethan-0625/MCO-Sports-Alpha-Research/commit/5474da601516489814c4c1146f05dbe8870c4878,🟢 绿色 (W),阻下诱上,无,64,4.84,6%,3.84,No,"2026-07-19,KOR2,SBW,PAJ,Pending,欧赔,4.99,1,Win,4.99,https://github.com/ethan-0625/MCO-Sports-Alpha-Research/commit/5474da601516489814c4c1146f05dbe8870c4878"
67,2026年7月19日,龙仁FCvs华城FC,KOR2 韩K2联,YON 龙仁市民,HWA 华城FC,,欧赔,Pinnacle,2.47,1% 稳健仓,1,Win,2.47,https://github.com/ethan-0625/MCO-Sports-Alpha-Research/commit/5474da601516489814c4c1146f05dbe8870c4878,🟢 绿色 (W),无,无,65,7.31,9.71%,6.31,No,"2026-07-19,KOR2,YON,HWA,Pending,欧赔,2.47,1,Win,2.47,https://github.com/ethan-0625/MCO-Sports-Alpha-Research/commit/5474da601516489814c4c1146f05dbe8870c4878"
68,2026年7月19日,庆南FCvs安山小绿人,KOR2 韩K2联,GYE 庆南FC,ANS 安山绿人,,大小球,Pinnacle,0.86,1% 稳健仓,1,Win,0.86,https://github.com/ethan-0625/MCO-Sports-Alpha-Research/commit/5474da601516489814c4c1146f05dbe8870c4878,🟢 绿色 (W),无,主场龙/客场虫,66,8.17,10.86%,7.17,No,"2026-07-19,KOR2,GYE,ANS,Pending,大小球,0.86,1,Win,0.86,https://github.com/ethan-0625/MCO-Sports-Alpha-Research/commit/5474da601516489814c4c1146f05dbe8870c4878"
69,2026年7月19日,忠北清州vs天安城,KOR2 韩K2联,CHJ 忠北清州,CHE 天安城,,大小球,Pinnacle,0.94,1% 稳健仓,1,Win,0.94,https://github.com/ethan-0625/MCO-Sports-Alpha-Research/commit/5474da601516489814c4c1146f05dbe8870c4878,🟢 绿色 (W),无,主场龙/客场虫,67,9.11,12.10%,8.11,No,"2026-07-19,KOR2,CHJ,CHE,Pending,大小球,0.94,1,Win,0.94,https://github.com/ethan-0625/MCO-Sports-Alpha-Research/commit/5474da601516489814c4c1146f05dbe8870c4878"
70,2026年7月19日,哈马比vs代格福什,SWE1 瑞典超,HAM 哈马比,DEG 代格福什,,欧赔,Pinnacle,12.9,1% 稳健仓,1,Loss,-1,https://github.com/ethan-0625/MCO-Sports-Alpha-Research/commit/74514a7869b6a370f72300f1722c162fadf5c9cf,🔴 红色 (L),直觉-纯粹高赔博弈,主场龙/客场虫,68,8.11,10.46%,7.11,No,"2026-07-19,SWE1,HAM,DEG,Pending,欧赔,12.9,1,Loss,-1,https://github.com/ethan-0625/MCO-Sports-Alpha-Research/commit/74514a7869b6a370f72300f1722c162fadf5c9cf"
71,2026年7月19日,哈尔姆斯塔德vs赫根,SWE1 瑞典超,HAL 哈尔姆斯塔德,BKH 赫根,,大小球,Pinnacle,0.92,1% 稳健仓,1,Win,0.92,https://github.com/ethan-0625/MCO-Sports-Alpha-Research/commit/74514a7869b6a370f72300f1722c162fadf5c9cf,🟢 绿色 (W),阻上诱下,无,69,9.03,11.64%,8.03,No,"2026-07-19,SWE1,HAL,HAC,Pending,大小球,0.92,1,Win,0.92,https://github.com/ethan-0625/MCO-Sports-Alpha-Research/commit/74514a7869b6a370f72300f1722c162fadf5c9cf"
72,2026年7月19日,埃尔夫斯堡vs天狼,SWE1 瑞典超,ELF 埃尔夫斯堡,SIR 天狼星,,大小球,Pinnacle,1.01,1% 稳健仓,1,Loss,-1,https://github.com/ethan-0625/MCO-Sports-Alpha-Research/commit/74514a7869b6a370f72300f1722c162fadf5c9cf,🔴 红色 (L),大脑直觉模型,主场龙/客场虫,70,8.03,10.04%,7.03,No,"2026-07-19,SWE1,ELF,SIR,Pending,大小球,1.01,1,Loss,-1,https://github.com/ethan-0625/MCO-Sports-Alpha-Research/commit/74514a7869b6a370f72300f1722c162fadf5c9cf"
73,2026年7月20日,雅罗vs图尔库国际,FIN1 芬超,JAR 雅罗,ITK 国际图尔库,,大小球,Pinnacle,0.88,1% 稳健仓,1,Loss,-1,https://github.com/ethan-0625/MCO-Sports-Alpha-Research/commit/87676e556cdae5e1f8cd00c4c30ec77a631b5e07,🔴 红色 (L),无,主场虫/客场龙,71,7.03,8.49%,6.03,No,"2026-07-20,FIN1,JAR,INT,Pending,大小球,0.88,1,Loss,-1,https://github.com/ethan-0625/MCO-Sports-Alpha-Research/commit/87676e556cdae5e1f8cd00c4c30ec77a631b5e07"
74,2026年7月20日,KR雷克雅未克vs加尔扎拜尔星,ISL1 冰岛超,KRR KR雷克雅未克,STJ 斯塔尔南,,大小球,Pinnacle,0.86,1% 稳健仓,1,Half Win,0.43,https://github.com/ethan-0625/MCO-Sports-Alpha-Research/commit/87676e556cdae5e1f8cd00c4c30ec77a631b5e07,🔵 蓝色 (HW),机构强势深盘,拉锯均势死锁,72,7.46,8.97%,6.46,No,"2026-07-20,ISL1,KRR,STJ,Pending,大小球,0.86,1,Half Win,0.43,https://github.com/ethan-0625/MCO-Sports-Alpha-Research/commit/87676e556cdae5e1f8cd00c4c30ec77a631b5e07"
75,2026年7月20日,佩特罗鲁vs布加勒斯特迪纳摩,ROM1 罗甲,PLO 佩特罗鲁,DIN 布加勒斯特迪纳摩,,欧赔,Pinnacle,3.72,1% 稳健仓,1,Win,3.72,https://github.com/ethan-0625/MCO-Sports-Alpha-Research/commit/87676e556cdae5e1f8cd00c4c30ec77a631b5e07,🟢 绿色 (W),阻下诱上,主场虫/客场龙,73,11.18,13.95%,10.18,No,"2026-07-20,ROM1,PET,DIN,Pending,欧赔,3.72,1,Win,3.72,https://github.com/ethan-0625/MCO-Sports-Alpha-Research/commit/87676e556cdae5e1f8cd00c4c30ec77a631b5e07"
76,2026年7月20日,西班牙vs阿根廷,WC 世界杯,ESP 西班牙,ARG 阿根廷,,欧赔,Pinnacle,3.04,1% 稳健仓,1,,3.04,https://github.com/ethan-0625/MCO-Sports-Alpha-Research/commit/87676e556cdae5e1f8cd00c4c30ec77a631b5e07,🟢 绿色 (W),大脑直觉模型,主场龙/客场虫,74,14.22,17.86%,13.22,No,"2026-07-20,WC,ESP,ARG,Pending,欧赔,3.04,1,Pending,3.04,https://github.com/ethan-0625/MCO-Sports-Alpha-Research/commit/87676e556cdae5e1f8cd00c4c30ec77a631b5e07"
,,,,,,,,,,,,,,,,,,,,,-1,No,